Atom_number,Atom,X,Y,Z
1,N,-14.332,20.952,-0.531
2,C,-15.638,21.007,0.121
3,C,-15.729,22.150999,1.13
4,O,-16.805,22.743,1.298
5,C,-15.943,19.671,0.809
6,C,-16.339001,18.561001,-0.13
7,C,-16.938999,18.825001,-1.363
8,C,-16.122999,17.235001,0.229
9,C,-17.294001,17.778999,-2.206
10,C,-16.48,16.198999,-0.599
11,C,-17.068001,16.466,-1.827
12,H,-13.832574,20.075979,-0.588108
13,H,-13.928413,21.789982,-0.924705
14,H,-16.3813,21.194445,-0.653899
15,H,-16.799332,19.84623,1.460223
16,H,-15.052443,19.356251,1.353005
17,H,-17.129461,19.854832,-1.66511
18,H,-15.659459,17.012617,1.190133
19,H,-17.753023,17.992949,-3.171207
20,H,-16.301636,15.168499,-0.291826
21,H,-17.350336,15.647663,-2.489354
22,N,-14.626,22.476999,1.812
23,C,-14.635,23.606001,2.736
24,C,-14.967,24.903,2.013
25,O,-15.728,25.733999,2.519
26,C,-13.28,23.719999,3.439
27,C,-13.13,24.973,4.297
28,C,-14.108,24.974001,5.459
29,C,-13.712,25.995001,6.525
30,N,-14.758,26.132999,7.581
31,H,-15.409249,23.429987,3.482765
32,H,-14.527428,25.101461,1.035509
33,H,-12.523167,23.780893,2.656954
34,H,-13.150813,22.847557,4.079512
35,H,-13.341112,25.841209,3.672704
36,H,-12.113717,25.01494,4.688804
37,H,-14.097808,23.983763,5.91444
38,H,-15.102329,25.21874,5.085488
39,H,-13.595229,26.962996,6.03771
40,H,-12.780054,25.675108,6.991096
41,H,-13.781046,21.938078,1.686634
42,H,-15.613094,25.697412,7.266074
43,H,-14.443351,25.682154,8.42825
44,H,-14.926646,27.112108,7.762668
